Name,Age
Amanda Rivera,90
Katherine Camacho,57
Scott Rivera,72
Maria Romero,86
Brenda Barry,89
Stephen Jones,84
John Mckinney,56
Jimmy Weaver,55
Erin Beasley,75
Jeffrey Ward,69
Troy Miller,60
Dr. Nancy Schwartz,53
Connie Mendez,94
Tina Davidson,73
Jennifer Mcclure,71
Bryce Hensley,71
Lindsey Johnson,66
Karen Roberts,81
Lydia Johnson,91
Katie Johnson,86
Kimberly White,94
Ashley Jackson,53
Haley Olsen,62
Melissa Lyons DDS,93
Lori Tran,77
Janet Nguyen,87
James Kelly,50
Jasmine Young,52
Nathan Vargas,57
Charles Smith,71
Victoria Brock,73
Michelle Bradley,83
Pamela Mahoney,56
Emily Maldonado,89
Lori Johnston,63
Jessica Wilkinson,89
Faith Williams,96
Brandon Thompson,93
Alicia Chapman,93
Scott Young,78
Robert Hernandez,96
Emily Jones,66
Russell Cooper,76
Miguel Little,70
Thomas Byrd,58
Christopher Arias MD,84
Joanne Williams,84
Billy Warner,96
Amanda Davis,50
Jacob Bautista,84
Deanna Rice,94
Jesse Andrews,52
Robert Willis,77
Courtney Turner,85
Carol Ortiz,88
April Pierce,97
Courtney Hamilton,62
David Barton,65
Jessica Parker,63
Anthony Pennington,50
Joseph Ward,95
Troy Wolf,79
Tyler Martinez,94
Lisa Rios,91
Jesse Wright,90
James Yang,78
Alyssa Mueller,99
Martin Roberts,89
Karen Frey,69
Erik Anderson,77
Paul Rasmussen,69
Kenneth Hoffman,100
Andrew Blevins,87
Patricia Fields,54
Tracy Edwards,88
Wendy Dennis,64
Robert Greene,73
Mark Wade,72
Kayla Lam,90
Joshua Martinez,66
Andrea Jennings,73
William Richards,55
Brandon Edwards,82
Deborah Romero,96
Alex Pratt,73
Patrick Myers,53
Dr. Ryan Mckay,60
Jessica Goodwin,82
David Coleman,50
Maria Frederick,94
Shannon Hill,67
Andrea Miller,95
Brittany Bauer,95
Rebecca Bailey,54
Mrs. Kendra Dean,55
Kristen Fowler,100
Anthony Hurley,66
David Shaw,68
Dr. Keith Green,63
Julie Vasquez,63
Jennifer Andrews,77
Nicholas Robinson,96
Fred Chen,82
David Austin,59
Brian Mcdonald,62
Wesley Mathis,77
Joshua Lyons,59
Isaiah Monroe,71
Misty Martin,68
Jennifer Pearson,58
Chad Johnson,99
